paper_id,text,field
1,"This study investigates the impact of social media usage on adolescent mental health outcomes.",psychology
2,"We propose a novel deep learning architecture achieving state of the art results on image segmentation.",computer_science
3,"Analysis of carbon isotope ratios in ice cores reveals historical patterns of atmospheric temperature change.",climate_science
4,"Clinical trial demonstrates significant reduction in tumor size following targeted immunotherapy treatment.",medicine
5,"Survey of urban planning policies reveals strong correlation between green spaces and community wellbeing.",urban_studies
6,"Reinforcement learning agent successfully masters complex strategy games without prior human knowledge.",computer_science
7,"Longitudinal study tracks cognitive decline in aging populations across diverse socioeconomic backgrounds.",neuroscience
8,"Ocean acidification is accelerating at unprecedented rates threatening coral reef ecosystems globally.",marine_biology
9,"New antibiotic compound derived from soil bacteria shows potency against drug-resistant bacterial strains.",microbiology
10,"Machine learning models predict financial market volatility with greater accuracy than traditional methods.",economics
11,"Childhood trauma has measurable long-term effects on stress hormone regulation and immune function.",psychology
12,"Quantum error correction algorithm significantly reduces decoherence in multi-qubit quantum systems.",physics
13,"Urban heat island effect is intensifying in megacities due to reduced vegetation and increased concrete.",climate_science
14,"Gene expression profiling identifies novel biomarkers for early detection of pancreatic cancer.",medicine
15,"Natural language processing model achieves human-level performance on complex reasoning benchmarks.",computer_science
